,TP10,TP90,TN10,TN90,TN_TP10,TN_TP90,TEMP10,TEMP90,BioVol_mm3,Organism,Movement,Trophic,N_fixation,Silica,AMM10,AMM90,NIT10,NIT90,SIL10,SIL90,cluster,Clusters,Group,SAL10,SAL90,TURB10,TURB90,FRP10,FRP90
Acanthoceras,0.01,0.02,0.4445,0.97,66.43,113.88,11.2,30.4,1.07E-06,Individual,Passively,Photoautotrophic,Non_N_fixing,Silica,0.01,0.49,0.409,0.695,0,2.5345,4,B,Bacilariophyta (Diatom),0,0.08141,2.25,3.6,0.003,0.009
Achnanthes,0.02,0.07,0.52,1.78,31.32,109.58,21.5,29.3,1.46E-07,Individual,Mucilage,Photoautotrophic,Non_N_fixing,Silica,0.005,0.17,0.19,1.23,0,13.45,4,B,Bacilariophyta (Diatom),0,0.1737319,0,36.4,0.003,0.023
Achnanthidium,0.02,0.03,0.66,0.84,26.97,68.21,16,27,1.49E-07,Individual,Passively,Photoautotrophic,Non_N_fixing,Silica,0.005,0.205,0.02,0.3705,0.235,1.232,5,A,Bacilariophyta (Diatom),0,0.13341052,3.7,57.95,0.005,0.011
Actinastrum,0.03,0.03,0.54,0.9955,36.38,62.64,11.2,30.4,9.59E-08,Colonial,Passively,Photoautotrophic,Non_N_fixing,Non_silica,0.005,0.01,0.005,0.01,13.6,19.705,5,A,Chlorophyta (Green algae),0.119109165,0.16666509,5.5,7.99,0.005,0.012
Actinotaenium,0.02,0.04,0.51,0.79,35.23,56.74,13.9,24.84,2.95E-07,Individual,Passively,Photoautotrophic,Non_N_fixing,Non_silica,0.005,0.01,0.1,0.41,0,18.8,5,A,Chlorophyta (Green algae),0,0.9245,0,8.605,0.003,0.008
Amphora,0.02,0.05,0.34,0.57,44.29,55.51,21.5,25.2,7.69E-07,Individual,Mucilage,Mixotrophic,Non_N_fixing,Silica,0.005,0.03,0.01,0.19,0,39.45,1,D,Bacilariophyta (Diatom),0,0.29698785,0,9.84,0.005,0.017
Dolichospermum ,0.03,0.04,0.34,3.84,40.03,55.76,16.79,23.71,1.46E-07,Filamentous,Buoyancy,Mixotrophic,N_fixing,Non_silica,0.005,0.01,0.005,0.12,13,21,5,A,Cyanophyta (Blue green),0.10613522,0.14092519,4.537,6.9955,0.003,0.0411
Ankistrodesmus,0.01,0.01,0.41,0.51,29.76,41.71,12.1,15.2,1.08E-07,Individual,Passively,Photoautotrophic,Non_N_fixing,Non_silica,0.01,0.02,0.0645,0.181,0,1.2975,3,E,Chlorophyta (Green algae),0,0.0767,1.514,3.1675,0.007,0.01
Ankistrodesmus.falcatus,0.02,0.03,0.5,0.54,24.71,70.89,20.8,22.5,8.96E-08,Colonial,Passively,Mixotrophic,Non_N_fixing,Non_silica,0.03,0.05,0.07,0.1355,0,18,5,A,Chlorophyta (Green algae),0.0803,1.1226,3.9,6.9,0.008,0.015
Ankyra,0.01,0.05,0.6995,3.525,25.76,287.86,14.7,26.7,2.33E-07,Colonial,Passively,Photoautotrophic,Non_N_fixing,Non_silica,0.005,0.03,0.005,2.4,0,31.9,2,C,Chlorophyta (Green algae),0,0.22282605,0,14,0.006,0.015
Aphanizomenon,0.02,0.04,0.36,0.8905,36.59,64.1,13.7,24.16,1.36E-07,Filamentous,Buoyancy,Photoautotrophic,N_fixing,Non_silica,0.005,0.04,0.005,0.193,15.5,44.9,1,D,Cyanophyta (Blue green),0,0.178488765,5.1985,15.2,0.005,0.014
Aphanocapsa,0.01,0.06,0.64,0.68,21.78,73.81,16.29,21.46,1.58E-09,Colonial,Buoyancy,Photoautotrophic,Non_N_fixing,Non_silica,0.005,0.01,0.19,0.61,0,14.6,5,A,Cyanophyta (Blue green),0,0.07984326,1.43,3.615,0.007,0.016
Aphanocapsa.incerta,0.03,0.06,0.31,0.83,31.48,53.36,21.4,26.35,1.31E-08,Colonial,Buoyancy,Photoautotrophic,Non_N_fixing,Non_silica,0.005,0.01,0.005,0.12,12.5,36.9,5,A,Cyanophyta (Blue green),0.064558045,0.15879729,4.6,7.4615,0.005,0.0162
Anathece ,0.02,0.02,0.58,0.67,51.67,64.45,15.6,26.1,2.82E-09,Colonial,Buoyancy,Photoautotrophic,N_fixing,Non_silica,0.005,0.0155,0.19,0.28,0.3655,19.4,5,A,Cyanophyta (Blue green),0,0.0668,1.7225,4.2155,0.006,0.011
Asterionella,0.01,0.06,0.66,1.1505,35,76.1,13.2,20.1,1.95E-07,Colonial,Passively,Photoautotrophic,Non_N_fixing,Silica,0.005,0.02,0.13,0.92,0.09,45,1,D,Bacilariophyta (Diatom),0.094893039,0.207403945,1.475,11.805,0.005,0.01
Aulacoseira,0.02,0.02,0.46,0.5,34.14,114.69,15.4,23.3,9.08E-07,Individual,Flagellar,Mixotrophic,Non_N_fixing,Silica,0.01,0.05,0.1,0.16,0,2.951,4,B,Bacilariophyta (Diatom),0.063785,0.0813,2.92,3.8,0.005,0.044
Bacillaria,0.03,0.03,0.7,0.78,49.6,74.17,15.2,19.3,1.23E-06,Colonial,Passively,Photoautotrophic,Non_N_fixing,Silica,0.005,0.01,0.005,0.39,14,26.6,5,A,Bacilariophyta (Diatom),0.1200762,0.16399649,5.91,7.4,0.005,0.02445
Bi.flagellate,0.01,0.01,0.36,0.4,51.39,65.48,20.78,25.91,9.57E-08,Individual,Flagellar,Photoautotrophic,Non_N_fixing,Silica,0.005,0.011,0.005,1.39,4.669,30.85,1,D,Bacilariophyta (Diatom),0.1134672,0.17406,3.6,59.4,0.004,0.009
Blue.green.sp,0.03,0.17,0.56,0.92,13.81,49.24,11.4,19.3,3.13E-09,Individual,Buoyancy,Photoautotrophic,Non_N_fixing,Non_silica,0.01,0.04,0.38,0.565,4.47,50.015,1,D,Cyanophyta (Blue green),0,0.12991211,0,26,0.007,0.053
Blue.green.sp1,0.01,0.05,0.64,0.99,40.65,154.09,22.8,27.6,4.16E-10,Colonial,Buoyancy,Photoautotrophic,Non_N_fixing,Non_silica,0.01,0.04,0.1895,0.9405,0,6.6,4,B,Cyanophyta (Blue green),0,0.057775,0,1.1825,0.007,0.011
Botryococcus.sp1,0.02,0.07,0.29,0.82,38.4,80.6,21.3,23.5,1.35E-05,Colonial,Passively,Mixotrophic,Non_N_fixing,Non_silica,0.005,0.1805,0.06,0.2455,3.054,16.85,5,A,Chlorophyta (Green algae),0,0.1954586,2.55,12.1,0.005,0.029
Botryococcus.sp2,0.03,0.07,0.35,0.81,24.59,46.24,14.9,27.6,0.000186596,Colonial,Passively,Photoautotrophic,Non_N_fixing,Non_silica,0.005,0.01,0.005,0.4,6.5345,16,5,A,Chlorophyta (Green algae),0,0.865,0,35.3,0.004,0.009
Carteria,0.01,0.04,0.33,3.6,18.44,228.26,11.8,16.5,5.47E-08,Individual,Flagellar,Photoautotrophic,Non_N_fixing,Non_silica,0.005,0.605,0.29,2.5,7.65,23.12,2,C,Chlorophyta (Green algae),0,1.511005,2.98,5.03,0.0079,0.0125
Ceratium,0.03,0.04,0.4,0.616,20.89,29.06,22.1,25.3,3.02E-05,Individual,Passively,Mixotrophic,Non_N_fixing,Non_silica,0.005,0.02,0.01,0.04,0,0.85,3,E,Dinophyta,0,0.063265805,0,1.58,0.009,0.015
Ceratium.furca,0.03,0.04,0.38,0.47,25.08,31.37,19.7,26.6,3.02E-05,Individual,Flagellar,Mixotrophic,Non_N_fixing,Non_silica,0.005,0.06,0.04,0.12,0,0.37,3,E,Dinophyta,0,0.0666,0,1.373,0.008,0.018
Chaetoceros,0.02,0.03,0.38,0.43,31.72,40.88,21.4,24.6,1.81E-06,Colonial,Passively,Photoautotrophic,Non_N_fixing,Silica,0.01,0.02,0.06,0.11,0,0.235,5,A,Bacilariophyta (Diatom),0,1.243,0,1.2515,0.01,0.014
Chlamydomonas,0.02,0.03,0.43,0.5,30.53,40.6,13.75,17.1,1.62E-07,Colonial,Flagellar,Mixotrophic,Non_N_fixing,Non_silica,0.01,0.51,0.07,0.15,0,1.5,3,E,Chlorophyta (Green algae),0,0.078959787,0,1.891,0.006,0.018
Chodatella,0.03,0.03,0.58,0.67,27.68,42.2,13.7,26.51,8.53E-08,Individual,Passively,Mixotrophic,Non_N_fixing,Non_silica,0.005,0.01,0.005,0.01,14.885,21.105,3,E,Chlorophyta (Green algae),0.15126235,0.1688224,4.2,7,0.006,0.008
Chroococcus.sp1,0.01,0.04,0.34,3.75,27.53,52.47,22.8,27.4,7.67E-09,Colonial,Buoyancy,Photoautotrophic,N_fixing,Non_silica,0.005,0.01,0.005,2.6,26.25,42.75,5,A,Cyanophyta (Blue green),0.1721869,0.17953395,7.954,79.5,0.007,0.011
Chroococcus.sp2,0.02,0.04,0.3,0.86,31.41,46.18,12.4,26.75,1.80E-08,Colonial,Buoyancy,Photoautotrophic,N_fixing,Non_silica,0.005,0.01,0.005,0.05,32.3,48.1,5,A,Cyanophyta (Blue green),0.1041,0.2252091,5.47,10.2,0.007,0.009
Chroomonas,0.02,0.06,0.35,0.47,32.82,38.75,17.9,23.5,1.50E-07,Individual,Flagellar,Mixotrophic,Non_N_fixing,Non_silica,0.005,0.14,0.03,0.43,0,0.25,3,E,Cryptophyta,0.0625,1.216,0,1.88,0.0025,0.0202
Closteriopsis,0.02,0.02,0.53,1.3,28.18,153.95,10.7,19.91,4.72E-06,Colonial,Passively,Photoautotrophic,Non_N_fixing,Non_silica,0.005,0.09,0.005,0.93,9.1,48.1,4,B,Chlorophyta (Green algae),0,0.2191501,0,9.03,0.007,0.015
Closterium,0.01,0.09,0.636,3.57,27,288.94,13.2,23,1.61E-06,Individual,Passively,Photoautotrophic,Non_N_fixing,Non_silica,0.005,0.48,0.4235,2.8,0.0945,47.35,2,C,Chlorophyta (Green algae),0.07987936,0.14375805,0,79.1,0.004,0.0208
Cocconeis,0.02,0.07,0.32,0.51,26.57,69.84,23.4,30.3,1.36E-06,Individual,Mucilage,Photoautotrophic,Non_N_fixing,Silica,0.005,0.06,0.03,0.21,0,43.65,1,D,Bacilariophyta (Diatom),0,4.668,0,10.005,0.0059,0.0405
Coelastrum,0.02,0.03,0.56,0.65,48.94,60.44,22.2,25.11,1.66E-07,Colonial,Passively,Photoautotrophic,Non_N_fixing,Non_silica,0.005,0.02,0.1,0.235,13.55,19.4,5,A,Chlorophyta (Green algae),0,0.11489075,3,13.52,0.008,0.03805
Coelosphaerium,0.01,0.04,0.33,0.6,33.48,79.35,19.15,26.26,1.23E-08,Colonial,Buoyancy,Photoautotrophic,Non_N_fixing,Non_silica,0.005,0.01,0.005,0.2,9.695,42.2,5,A,Cyanophyta (Blue green),0.0799,0.1926824,6.8,81.65,0.003,0.012
Coscinodiscus,0.03,0.04,0.3,1.1005,33.51,38,11.3,25.4,2.24E-05,Individual,Passively,Photoautotrophic,Non_N_fixing,Silica,0.005,0.04,0.005,0.04,13,20.605,1,D,Bacilariophyta (Diatom),0.11606095,0.15438412,6.719,9.8,0.006,0.008
Cosmarium,0.01,0.08,0.4595,0.67,20.88,125.85,22.8,24.6,3.39E-06,Colonial,Passively,Photoautotrophic,Non_N_fixing,Non_silica,0.005,0.085,0.1145,0.33,0,32.01,4,B,Chlorophyta (Green algae),0,0.208402725,4.519,78.3,0.003,0.012
Crucigenia,0.01,0.03,0.49,0.69,23.94,48.58,15.7,23.61,1.69E-07,Colonial,Buoyancy,Photoautotrophic,Non_N_fixing,Non_silica,0.01,0.03,0.14,0.38,0,1.911,5,A,Chlorophyta (Green algae),0.032595,0.08985,2.375,5.914,0.008,0.015
Cryptomonas,0.03,0.04,0.38,0.51,32.34,38.75,12.2,15.55,1.08E-06,Individual,Flagellar,Mixotrophic,Non_N_fixing,Non_silica,0.01,0.02,0.01,0.04,0,1.14,3,E,Cryptophyta,0,0.0632,0,1.8255,0.007,0.014
Cuspidothrix.issatschenkoi,0.02,0.03,0.29,0.46,33.95,48.42,24.3,26.6,4.06E-08,Filamentous,Buoyancy,Photoautotrophic,N_fixing,Non_silica,0.005,0.01,0.005,0.01,7,17.805,5,A,Cyanophyta (Blue green),0.1349,0.561,4.095,5.71,0.006,0.026
Cyanocatena,0.02,0.03,0.6045,0.7,47.45,56.8,14.5,24.6,9.12E-10,Colonial,Buoyancy,Photoautotrophic,Non_N_fixing,Non_silica,0.005,0.031,0.005,0.3,8.7,15.35,5,A,Cyanophyta (Blue green),0,0.4690706,4,4.8,0.006,0.013
Cyanodictyon,0.02,0.03,0.26,0.48,35.43,63.66,11.89,26.3,1.62E-09,Colonial,Buoyancy,Photoautotrophic,Non_N_fixing,Non_silica,0.005,0.01,0.059,0.19,10.745,27,5,A,Cyanophyta (Blue green),0.155559225,0.5412,4.2845,8.312,0.0045,0.011
Cyanogranis,0.01,0.07,0.66,0.78,56.94,61.51,17.3,21.2,1.56E-09,Colonial,Buoyancy,Photoautotrophic,Non_N_fixing,Non_silica,0.01,0.07,0.35,0.555,0,0.09,5,A,Cyanophyta (Blue green),0,0.14581984,3.2135,4.021,0.004,0.016
Cyanonephron,0.02,0.02,0.64,0.72,56.8,69.92,18.8,24.8,4.12E-09,Colonial,Buoyancy,Photoautotrophic,Non_N_fixing,Non_silica,0.005,0.02,0.19,0.36,0,18.705,5,A,Cyanophyta (Blue green),0,0.147,3.1,4.0325,0.01,0.011
Cyclotella,0.02,0.02,0.31,0.69,61.95,112.32,17.4,27.1,1.03E-07,Colonial,Passively,Mixotrophic,Non_N_fixing,Silica,0.06,0.205,0.0445,0.645,8.795,13.2,4,B,Bacilariophyta (Diatom),0,0.18529979,2.86,4.2,0.007,0.011
Cyclotella.sp4,0.03,0.04,0.63,0.79,31.4,58.43,24.6,28.3,1.41E-05,Colonial,Passively,Mixotrophic,Non_N_fixing,Silica,0.02,0.5,0.005,0.35,11.89,20.4,5,A,Bacilariophyta (Diatom),0.12028,0.1934954,6.43,20.265,0.003,0.008
Cylindrotheca.closterium,0.02,0.03,0.38,0.48,28.19,32.82,23.3,27.2,2.35E-07,Colonial,Mucilage,Mixotrophic,Non_N_fixing,Silica,0.005,0.24,0.005,0.13,0,0.095,3,E,Bacilariophyta (Diatom),0,1.28385,0,32.955,0.007,0.013
Cymbella,0.01,0.02,0.37,0.46,16.42,127.19,23.1,26.2,6.67E-07,Individual,Mucilage,Photoautotrophic,Non_N_fixing,Silica,0.01,0.03,0.06,0.12,0.87,41.15,4,B,Bacilariophyta (Diatom),0,3.27915,3.1,85.9,0.004,0.009
Diatoma,0.02,0.04,0.35,0.84,28.92,109.66,20,22,8.82E-08,Colonial,Passively,Photoautotrophic,Non_N_fixing,Silica,0.005,0.02,0.005,0.64,0,37.35,4,B,Bacilariophyta (Diatom),0,0.1736353,0,8.702,0.004,0.008
Diceras,0.03,0.03,0.52,3.68,45.88,52.83,22,25.8,2.35E-07,Colonial,Flagellar,Photoautotrophic,Non_N_fixing,Silica,0.005,0.05,0.15,2.8,0.025,49,1,D,Chrysophyta (Golden brown),0,4.799,0,16.7,0.0035,0.0505
Dichotomococcus,0.01,0.04,0.42,1.5905,32.77,257.6,13.19,26.9,7.50E-09,Colonial,Passively,Photoautotrophic,Non_N_fixing,Silica,0.005,0.61,0.005,1.385,14.9,42.735,2,C,Chrysophyta (Golden brown),0.13328,0.177993025,0,17.61,0.005,0.01255
Dictyocha,0.02,0.04,0.25,0.4,36.15,41.48,14.2,24.96,4.54E-06,Individual,Flagellar,Mixotrophic,Non_N_fixing,Silica,0.005,0.01,0.01,0.07,0,0.25,3,E,Chrysophyta (Golden brown),0,0.06662,0,1.373,0.009,0.017
Dictyosphaerium,0.02,0.12,0.46,0.61,36.9,53.91,12.8,21.9,2.03E-08,Colonial,Passively,Photoautotrophic,Non_N_fixing,Non_silica,0.01,0.03,0.07,0.3205,0,0.885,5,A,Chlorophyta (Green algae),0,0.088200258,0,2.8105,0.007,0.009
Dinobryon,0.03,0.03,0.659,0.91,36.9,75.92,14.9,19.2,8.18E-07,Colonial,Passively,Mixotrophic,Non_N_fixing,Silica,0.005,0.51,0.09,0.54,0.07,2.9205,5,A,Chrysophyta (Golden brown),0.0826,1.2835,2.4635,3,0.006,0.008
Diploneis.sp1,0.02,0.05,0.25,0.6105,19.78,39.44,14.6,26.5,1.23E-06,Individual,Mucilage,Photoautotrophic,Non_N_fixing,Silica,0.005,0.03,0.005,0.07,10,29.2,1,D,Bacilariophyta (Diatom),0.1352614,1.3935,4.899,14,0.006,0.017
Elakatothrix,0.02,0.03,0.35,1.27,51.28,71.67,12.9,26.7,1.22E-07,Colonial,Passively,Photoautotrophic,Non_N_fixing,Non_silica,0.005,0.505,0.005,1.006,0,0.25,5,A,Chlorophyta (Green algae),0,0.315116685,2.78,6.43,0.008,0.016
Encyonema,0.01,0.02,0.34,0.52,18.56,232.36,12.5,27.8,7.78E-07,Individual,Mucilage,Photoautotrophic,Non_N_fixing,Silica,0.005,0.02,0.005,0.6,0,43.65,2,C,Bacilariophyta (Diatom),0,0.1635109,0,15.9,0.006,0.0245
Entomoneis,0.02,0.03,0.3,0.45,35.39,46.98,11.9,21.5,7.26E-08,Individual,Mucilage,Photoautotrophic,Non_N_fixing,Silica,0.005,0.255,0.06,0.371,8.095,13.4,1,D,Bacilariophyta (Diatom),0.27471935,0.4544706,5.9,9.31,0.004,0.0092
Eucampia,0.02,0.05,0.3,0.41,23.53,37.76,22.1,28.6,2.09E-06,Colonial,Passively,Photoautotrophic,Non_N_fixing,Silica,0.005,0.01,0.005,0.05,0,0.19,5,A,Bacilariophyta (Diatom),0,0.064300805,0,1.355,0.009,0.022
Eudorina,0.01,0.05,0.359,3.16,15.37,228.16,12.5,27.55,2.65E-07,Colonial,Flagellar,Photoautotrophic,Non_N_fixing,Non_silica,0.005,0.57,0.005,2.5,0.068,16.2,2,C,Chlorophyta (Green algae),0.06901943,0.1539011,0,33.4,0.0025,0.012
Euglena,0.02,0.06,0.895,1.01,20.91,69.68,18.6,22,3.36E-06,Individual,Flagellar,Mixotrophic,Non_N_fixing,Non_silica,0.005,0.082,0.32,1.05,0.188,13.9,3,E,Euglenophyta (Euglenoid),0,0.75585,1.58,5.4255,0.007,0.034
Eunotia,0.03,0.11,0.33,0.82,16.96,46.62,17.9,24.1,1.43E-07,Individual,Mucilage,Photoautotrophic,Non_N_fixing,Silica,0.005,0.02,0.05,0.35,23.3,40.1,1,D,Bacilariophyta (Diatom),0,0.1849938,0,26,0.006,0.018
Eunotia.sp1,0.02,0.04,0.335,0.68,58.68,76.85,19.3,30.1,7.25E-07,Individual,Mucilage,Mixotrophic,Non_N_fixing,Silica,0.005,0.45,0.18,0.52,0,37.365,1,D,Bacilariophyta (Diatom),0,2.5871,0,24,0.006,0.011
Eutreptiella,0.03,0.06,0.4,0.44,23.62,37.06,13.75,25.81,7.73E-07,Individual,Flagellar,Mixotrophic,Non_N_fixing,Non_silica,0.01,0.07,0.02,0.14,0,0.3715,3,E,Euglenophyta (Euglenoid),0,0.0675,0,1.271,0.013,0.01805
Fragilaria,0.01,0.1,0.33,0.805,62.4,94.11,13.19,25.56,3.44E-07,Colonial,Passively,Photoautotrophic,Non_N_fixing,Silica,0.005,0.3105,0.21,0.36,1.8765,44,4,B,Bacilariophyta (Diatom),0,0.24175071,2.9245,93.3,0.005,0.02105
Golenkinia,0.02,0.04,0.44,1.3655,27.18,59.06,10.65,26.55,1.56E-07,Colonial,Passively,Photoautotrophic,Non_N_fixing,Non_silica,0.005,0.02,0.005,0.0455,13.5,48.55,5,A,Chlorophyta (Green algae),0,0.219891,0,10.7,0.003,0.009
Gomphonema,0.01,0.03,0.33,3.643,52.04,74.62,12,21.9,2.75E-06,Colonial,Mucilage,Photoautotrophic,Non_N_fixing,Silica,0.005,0.61,0.01,2.7,1.1625,45.3,1,D,Bacilariophyta (Diatom),0,0.22476819,0,83,0.005,0.009
Gonatozygon,0.03,0.11,0.43,1.01,21.42,43.36,10.9,27.2,1.73E-05,Colonial,Passively,Photoautotrophic,Non_N_fixing,Non_silica,0.005,0.6155,0.005,0.42,1.95,18.45,5,A,Chlorophyta (Green algae),0,0.1424142,5.47,43.5,0.007,0.047
Gonium,0.02,0.07,0.38,0.841,18.71,64.18,11.7,22.3,2.23E-07,Colonial,Flagellar,Photoautotrophic,Non_N_fixing,Non_silica,0.005,0.58,0.01,0.525,0,33.855,5,A,Chlorophyta (Green algae),0,0.12981595,0,15.13,0.004,0.025
Green.algae.sp3,0.01,0.04,0.549,3.68,37.75,228.32,10.2,25.1,3.27E-08,Individual,Passively,Photoautotrophic,Non_N_fixing,Non_silica,0.005,0.08,0.005,2.8,0,25,2,C,Chlorophyta (Green algae),0,0.15978583,0,2.631,0.011,0.03105
Guinardia,0.01,0.03,0.25,0.39,36.61,44.29,14.6,24.6,1.35E-05,Colonial,Passively,Photoautotrophic,Non_N_fixing,Silica,0.005,0.01,0.01,0.05,0,0.235,5,A,Bacilariophyta (Diatom),0,0.06302,0,0.83,0.004,0.022
Gymnodinium,0.02,0.02,0.33,0.54,20.64,74.95,12.1,28.3,9.33E-07,Individual,Flagellar,Mixotrophic,Non_N_fixing,Non_silica,0.01,0.02,0.07,0.18,0,1.8,3,E,Dinophyta,0.0947,0.30576405,4.2,7.8,0.004,0.017
Gyrosigma,0.01,0.07,0.32,0.43,30.05,56.47,16.04,26.3,1.59E-05,Individual,Mucilage,Photoautotrophic,Non_N_fixing,Silica,0.005,0.01,0.04,0.17,1.1935,43.21,1,D,Bacilariophyta (Diatom),0.26287275,2.1815,0,85.9,0.005,0.048
Katodinium,0.03,0.03,0.32,0.48,33.95,41.01,14.3,27.02,1.83E-07,Individual,Flagellar,Photoautotrophic,Non_N_fixing,Non_silica,0.01,0.02,0.03,0.08,0,0.235,3,E,Dinophyta,0,0.068,0,1.34,0.005,0.014
Kirchneriella,0.01,0.04,0.43,0.63,53.68,71.7,16.35,28.01,2.51E-08,Colonial,Passively,Photoautotrophic,Non_N_fixing,Non_silica,0.01,0.02,0.1,0.44,0,16.01,5,A,Chlorophyta (Green algae),0.107043625,1.451,4.2,14,0.008,0.009
Lagerheimia,0.02,0.03,0.295,0.3905,27.22,73.21,19.2,26.6,1.02E-06,Colonial,Passively,Photoautotrophic,Non_N_fixing,Non_silica,0.005,0.05,0.005,0.1,0,38.6,5,A,Chlorophyta (Green algae),0.17646293,3.621,0,9.86,0.006,0.018
Leptocylindrus,0.02,0.03,0.3545,0.46,25.98,38.44,19.7,24.5,1.53E-06,Colonial,Passively,Photoautotrophic,Non_N_fixing,Silica,0.01,0.02,0.02,0.07,0,0.37,5,A,Bacilariophyta (Diatom),0,0.067,0,1.4505,0.007,0.009
Limnothrix,0.01,0.09,0.435,0.54,19.64,71.7,17.25,25.2,1.16E-08,Filamentous,Buoyancy,Photoautotrophic,Non_N_fixing,Non_silica,0.005,0.04,0.06,0.3,0.739,45,1,D,Cyanophyta (Blue green),0,2.5872,2.81,45,0.004,0.011
Mallomonas.akrokomos,0.02,0.04,0.54,0.72,37.96,59.79,15.2,16.4,8.98E-08,Individual,Flagellar,Photoautotrophic,Non_N_fixing,Silica,0.01,0.6055,0.18,0.41,0.09,18.33,1,D,Chrysophyta (Golden brown),0.070223962,0.09164,0,5.4255,0.004,0.0515
Mallomonas.sp1,0.01,0.02,0.45,0.55,27.88,41.91,12.1,16.05,4.55E-07,Individual,Flagellar,Photoautotrophic,Non_N_fixing,Silica,0.01,0.45,0.1,0.18,0.8545,2.5905,3,E,Chrysophyta (Golden brown),0.070516886,0.16835,1.91,3.8255,0.006,0.016
Mallomonas.splendens,0.02,0.04,0.42,0.57,14.76,68.36,15.2,24.6,1.28E-06,Individual,Flagellar,Photoautotrophic,Non_N_fixing,Silica,0.01,0.51,0.11,0.17,1.09,44.105,1,D,Chrysophyta (Golden brown),0.0303,0.1932772,1.8495,8.01,0.004,0.0491
Melosira,0.02,0.02,0.2945,0.42,39.17,49.74,13.7,26.6,8.25E-07,Colonial,Passively,Photoautotrophic,Non_N_fixing,Silica,0.005,0.04,0.05,0.19,0,23.9,5,A,Bacilariophyta (Diatom),0.78653,2.269,0,57.95,0.005,0.015
Merismopedia,0.02,0.03,0.65,1.08,37.81,53.79,22.8,25.4,4.24E-10,Colonial,Buoyancy,Photoautotrophic,N_fixing,Non_silica,0.005,0.23,0.005,0.411,1.107,19.35,5,A,Cyanophyta (Blue green),0.144842165,0.75785,3.39,8.59,0.003,0.016
Merotrichia,0.02,0.07,0.44,3.6,60.05,71.65,14.48,26.71,6.74E-06,Individual,Flagellar,Photoautotrophic,Non_N_fixing,Non_silica,0.01,0.06,0.15,2.8,0,1.2215,3,E,Chloromonadophyta,0,0.07025,0,2.9015,0.006,0.035
Micractinium,0.02,0.03,0.4545,0.56,60.65,65.52,13.8,30.4,1.39E-08,Colonial,Mucilage,Mixotrophic,Non_N_fixing,Non_silica,0.005,0.2355,0.06,0.77,14.295,23.21,5,A,Chlorophyta (Green algae),0.04363,0.22836113,4.26,6.4715,0.0035,0.011
Micrasterias,0.02,0.04,0.46,0.77,22.14,76.49,15.35,27.4,6.16E-05,Individual,Passively,Photoautotrophic,Non_N_fixing,Non_silica,0.005,0.02,0.005,0.44,23.1,32.45,5,A,Chlorophyta (Green algae),0,0.427285,0,26,0.004,0.009
Microcystis.wesenbergii,0.02,0.03,0.47,0.88,33.56,44.29,12.6,26.2,1.62E-07,Colonial,Buoyancy,Photoautotrophic,Non_N_fixing,Non_silica,0.005,0.01,0.005,0.01,14,20.4,5,A,Cyanophyta (Blue green),0.1163,0.1746013,5,8.3,0.007,0.029
Monoflagellate.sp1,0.01,0.03,0.43,1.11,40.74,109.69,15.55,20.4,1.46E-07,Individual,Flagellar,Photoautotrophic,Non_N_fixing,Non_silica,0.005,0.03,0.005,0.935,0,25.855,4,B,Other,0,0.2179163,4.5,6.1005,0.005,0.009
Monoflagellate.sp3,0.01,0.02,0.25,1.245,76.92,223.64,10.3,20.3,2.01E-07,Individual,Flagellar,Photoautotrophic,Non_N_fixing,Non_silica,0.005,0.03,0.005,1.01,0.09,41.15,2,C,Other,0,1.71681,0,7.3565,0.004,0.009
Monoflagellate.sp4,0.01,0.02,0.63,0.851,88.57,112.65,13,18.6,1.48E-07,Individual,Flagellar,Photoautotrophic,Non_N_fixing,Non_silica,0.005,0.08,0.36,0.5555,0,45.9,4,B,Other,0.11316024,0.151326755,0,1.125,0.005,0.03305
Mougeotia,0.01,0.05,0.3,0.59,32.92,37.8,23.3,26.3,2.57E-06,Filamentous,Buoyancy,Photoautotrophic,Non_N_fixing,Non_silica,0.005,0.01,0.005,0.05,14.9,21.7,5,A,Chlorophyta (Green algae),0.086311315,0.2012771,1.337,3.985,0.006,0.008
Navicula,0.02,0.03,0.33,0.42,52.4,95.77,18.9,22.11,4.07E-07,Colonial,Mucilage,Mixotrophic,Non_N_fixing,Silica,0.005,0.205,0.05,1.4,5.2,8,4,B,Bacilariophyta (Diatom),0.140242295,0.180501725,3.19,8.977,0.005,0.012
Navicula.sp1,0.01,0.03,0.29,0.53,16.78,44.85,14.2,25,4.29E-07,Colonial,Mucilage,Mixotrophic,Non_N_fixing,Non_silica,0.005,0.12,0.02,0.161,0,2.63,3,E,Bacilariophyta (Diatom),0,0.0817,0,2.23,0.007,0.019
Nephrocytium,0.01,0.11,0.58,3.525,32.81,291.55,17.7,30.41,8.52E-08,Colonial,Passively,Photoautotrophic,Non_N_fixing,Non_silica,0.005,0.18,0.129,2.3,0,9.555,2,C,Chlorophyta (Green algae),0,0.14148872,3.8975,90.4,0.0035,0.048
Nitzschia,0.02,0.03,0.29,1.055,33.81,52.95,12.8,30.3,3.52E-07,Colonial,Mucilage,Mixotrophic,Non_N_fixing,Silica,0.005,0.04,0.005,0.175,7.995,13.8,1,D,Bacilariophyta (Diatom),0.145299255,0.190096305,5.3,9.8,0.0045,0.018
Nostocaceae,0.02,0.06,0.38,0.5,29.78,34.22,20.6,28,1.17E-07,Filamentous,Buoyancy,Photoautotrophic,N_fixing,Non_silica,0.005,0.01,0.005,0.02,0,11.9,5,A,Cyanophyta (Blue green),0.116825725,0.192928405,0,32.43,0.004,0.023
Oocystis,0.01,0.03,0.38,0.53,22.14,48.48,12.4,28.7,2.47E-07,Colonial,Passively,Photoautotrophic,Non_N_fixing,Non_silica,0.005,0.51,0.07,0.14,0,14.3,5,A,Chlorophyta (Green algae),0.085453313,0.13708335,2.89,7.049,0.007,0.009
Pandorina,0.01,0.07,0.68,0.87,41.86,103.85,9.69,26.3,1.68E-07,Colonial,Mucilage,Mixotrophic,Non_N_fixing,Non_silica,0.005,0.03,0.33,1.5555,0.1,50,4,B,Chlorophyta (Green algae),0,0.3082549,0,10.8,0.006,0.014
Pediastrum,0.02,0.03,0.47,0.702,39.43,56.94,21.3,23,2.50E-07,Colonial,Passively,Photoautotrophic,Non_N_fixing,Non_silica,0.005,0.02,0.005,0.16,10.9,16.25,5,A,Chlorophyta (Green algae),0.134293835,0.172935235,7.2,9.5665,0.009,0.012
Peridinium.sp1,0.02,0.04,0.35,2.78,30.49,173.35,11.1,29,3.25E-06,Individual,Flagellar,Mixotrophic,Non_N_fixing,Non_silica,0.01,0.58,0.005,1.3755,9.5,26.01,4,B,Dinophyta,0.0966,0.160168235,5.315,7.4405,0.004,0.01905
Peridinium.sp2,0.02,0.03,0.41,1.4605,19.83,55.8,21.3,25.4,3.52E-05,Individual,Flagellar,Mixotrophic,Non_N_fixing,Non_silica,0.005,0.58,0.005,1.05,0,44,3,E,Dinophyta,0,4.7335,0,40.5,0.006,0.03755
Phacus,0.02,0.07,0.54,1.7615,19.72,92.07,10.2,22.6,5.64E-06,Individual,Flagellar,Photoautotrophic,Non_N_fixing,Non_silica,0.01,0.02,0.01,2.8,0,36.2,1,D,Euglenophyta (Euglenoid),0.0864,0.160143805,0,8.65,0.006,0.033
Pinnularia,0.03,0.06,0.34,1.54,26.31,76.02,11.9,23.4,3.23E-07,Individual,Mucilage,Photoautotrophic,Non_N_fixing,Silica,0.005,0.06,0.04,1.0915,0,43.1,1,D,Bacilariophyta (Diatom),0.08075,1.175,8.3,13.8,0.006,0.011
Planctonema,0.03,0.03,0.255,0.54,33.8,46.15,24.2,26.6,1.09E-07,Colonial,Passively,Photoautotrophic,Non_N_fixing,Non_silica,0.005,0.01,0.005,0.06,10.8,19.5,5,A,Chlorophyta (Green algae),0.15389099,0.1799597,4.5275,9.3,0.00745,0.012
Planktolyngbya,0.01,0.13,0.54,0.67,33.43,57.44,20.6,26.3,7.23E-08,Filamentous,Buoyancy,Photoautotrophic,Non_N_fixing,Non_silica,0.005,0.03,0.05,0.19,8.25,27,5,A,Cyanophyta (Blue green),0,0.45599708,0.373,7.445,0.003,0.02155
Pleurosigma,0.02,0.04,0.35,0.39,33.43,48.71,14.1,28.4,4.09E-06,Individual,Mucilage,Photoautotrophic,Non_N_fixing,Silica,0.005,0.02,0.06,0.09,0,0.25,1,D,Bacilariophyta (Diatom),0,1.1889,0,0.902,0.004,0.011
Protoperidinium,0.02,0.03,0.38,0.46,25.94,39.08,18.4,22.86,7.53E-06,Individual,Flagellar,Mixotrophic,Non_N_fixing,Non_silica,0.01,0.02,0.02,0.07,0,0.3865,3,E,Dinophyta,0,0.0666,0,1.37,0.008,0.015
Pseudanabaena,0.01,0.02,0.47,1.385,27.88,95.59,10.7,26,8.57E-09,Colonial,Passively,Photoautotrophic,N_fixing,Non_silica,0.005,0.01,0.18,1.01,0.385,19.6,4,B,Cyanophyta (Blue green),0,0.79,4.6,6.3,0.006,0.008
Pseudanabaena.mucicola,0.03,0.03,0.28,0.681,32.42,44.29,14.65,24.3,1.19E-08,Colonial,Passively,Photoautotrophic,N_fixing,Non_silica,0.005,0.01,0.005,0.09,19.4,29.62,5,A,Cyanophyta (Blue green),0.10589899,0.1799194,5.4095,9.5,0.007,0.009
Pyramimonas,0.02,0.03,0.41,0.49,38.41,50.33,13.35,23.73,3.98E-07,Individual,Flagellar,Mixotrophic,Non_N_fixing,Non_silica,0.01,0.02,0.07,0.14,0,0.3715,3,E,Chlorophyta (Green algae),0,0.068,0,1.57,0.00895,0.015
Rhabdoderma,0.02,0.05,0.45,1.275,43.95,126.94,24.9,28.65,5.70E-09,Colonial,Buoyancy,Photoautotrophic,Non_N_fixing,Non_silica,0.005,0.08,0.04,1,8.745,36.9,4,B,Cyanophyta (Blue green),0,1.28385,0,36.22,0.005,0.038
Romeria,0.01,0.03,0.52,0.995,39.1,145.51,20.35,21.8,5.33E-09,Colonial,Buoyancy,Photoautotrophic,Non_N_fixing,Non_silica,0.005,0.51,0.34,0.73,0,9.1,4,B,Cyanophyta (Blue green),0.0813,1.5753,3.3,4.4,0.006,0.009
Scenedesmus,0.01,0.03,0.599,2.78,44.94,63.3,13.2,26.75,2.51E-08,Colonial,Passively,Photoautotrophic,Non_N_fixing,Non_silica,0.005,0.13,0.21,2.065,0,0.22,5,A,Chlorophyta (Green algae),0,0.078069855,0,1.102,0.004,0.0355
Scenedesmus.sp1,0.01,0.03,0.39,0.78,44.29,56.41,26.5,27.5,1.11E-08,Colonial,Passively,Photoautotrophic,Non_N_fixing,Non_silica,0.01,0.02,0.11,0.51,4.67,6.855,5,A,Chlorophyta (Green algae),0,0.2222708,0,35.8,0.007,0.009
Scenedesmus.sp2,0.03,0.05,0.42,0.86,19.51,38.12,23.1,29.5,2.83E-07,Colonial,Passively,Photoautotrophic,Non_N_fixing,Non_silica,0.005,0.2055,0.005,0.44,13.395,36.9,5,A,Chlorophyta (Green algae),0,0.1543808,0,35.6,0.007,0.0355
Schroederia,0.02,0.06,0.5,1.27,26.08,136.43,16.35,28.2,5.66E-07,Individual,Passively,Photoautotrophic,Non_N_fixing,Non_silica,0.005,0.115,0.005,1.39,20.445,26.15,4,B,Chlorophyta (Green algae),0,0.2898463,2.384,13.865,0.006,0.017
Scrippsiella,0.02,0.03,0.3995,0.49,25.73,38.94,18.4,23.7,2.32E-06,Individual,Flagellar,Mixotrophic,Non_N_fixing,Non_silica,0.01,0.02,0.0295,0.15,0,0.44,3,E,Dinophyta,0,0.06705,0,1.455,0.008,0.01355
Selenastrum,0.02,0.1,0.46,1.32,27.68,74.48,11.8,28.3,2.59E-07,Colonial,Passively,Mixotrophic,Non_N_fixing,Non_silica,0.005,0.05,0.005,0.51,1.96,8.9,5,A,Chlorophyta (Green algae),0,0.1491088,3.089,16,0.006,0.044
Skeletonema,0.02,0.03,0.36,0.41,38.75,52.38,11.85,24.3,6.16E-08,Filamentous,Passively,Mixotrophic,Non_N_fixing,Silica,0.01,0.02,0.04,0.09,0,1.09,3,E,Bacilariophyta (Diatom),0.3577997,1.253,0,9.849,0.008,0.014
Skeletonema.costatum,0.02,0.05,0.25,0.42,17.06,40.05,15.3,25.1,1.81E-07,Filamentous,Passively,Mixotrophic,Non_N_fixing,Silica,0.005,0.02,0.07,0.21,0,7.965,3,E,Bacilariophyta (Diatom),0,3.285,0,19.555,0.004,0.0165
Snowella,0.01,0.05,0.46,1.02,43.49,232.37,23.2,26.4,8.52E-09,Colonial,Buoyancy,Photoautotrophic,Non_N_fixing,Non_silica,0.005,0.03,0.119,0.42,16.235,29.2,2,C,Cyanophyta (Blue green),0,0.147,3.58,39,0.007,0.036
Snowella.lacustris,0.01,0.01,0.335,1.24,52.99,189.96,21.6,24.81,2.50E-08,Colonial,Buoyancy,Photoautotrophic,Non_N_fixing,Non_silica,0.005,0.04,0.005,1.965,2.5945,50.15,2,C,Cyanophyta (Blue green),0,0.17276617,0,24,0.007,0.012
Spermatozopsis,0.02,0.06,0.39,1.07,22.55,116.85,18.9,23.2,7.45E-08,Individual,Flagellar,Photoautotrophic,Non_N_fixing,Non_silica,0.01,0.435,0.005,0.57,0,23.65,4,B,Chlorophyta (Green algae),0,0.13788289,0,79.5,0.006,0.009
Sphaerocystis,0.02,0.03,0.66,0.84,54.92,96.97,17.3,21.1,6.55E-08,Colonial,Passively,Photoautotrophic,Non_N_fixing,Non_silica,0.005,0.02,0.19,0.3955,0,17.9,4,B,Chlorophyta (Green algae),0,0.08635038,2.8535,4.6,0.007,0.012
Spirogyra,0.02,0.03,0.4,0.52,25.51,46.88,23.4,27.2,6.56E-05,Filamentous,Passively,Photoautotrophic,Non_N_fixing,Non_silica,0.005,0.01,0.005,0.04,17.8,32.2,5,A,Chlorophyta (Green algae),0,0.230100765,0,12.25,0.006,0.009
Spondylosium,0.02,0.03,1.009,1.27,74.83,103.34,10.7,26.7,2.90E-07,Filamentous,Passively,Photoautotrophic,Non_N_fixing,Non_silica,0.005,0.08,0.73,0.9155,0,26.155,4,B,Chlorophyta (Green algae),0,0.0808,0,5.4,0.005,0.007
Staurastrum,0.02,0.02,0.62,0.7,49.73,69.38,20.1,26.1,3.53E-06,Individual,Passively,Photoautotrophic,Non_N_fixing,Non_silica,0.005,0.02,0.18,0.25,8.395,17.9,5,A,Chlorophyta (Green algae),0,0.1073392,3,3.831,0.007,0.009
Staurodesmus,0.01,0.05,0.34,0.8,33.19,118.84,13.79,25.4,2.06E-07,Individual,Passively,Mixotrophic,Non_N_fixing,Non_silica,0.005,0.505,0.029,0.13,2.3,24.61,4,B,Chlorophyta (Green algae),0.079605,4.61715,3.19,4.6,0.005,0.009
Stichococcus.sp1,0.02,0.04,0.489,0.77,44.29,68.01,15.2,20.8,1.30E-08,Colonial,Passively,Photoautotrophic,Non_N_fixing,Non_silica,0.005,0.04,0.209,0.46,0,11.395,5,A,Chlorophyta (Green algae),0,1.35925,0,8.465,0.0025,0.01
Stichococcus.sp2,0.02,0.03,0.44,0.66,44.29,56.21,9.35,20.1,2.49E-07,Colonial,Passively,Photoautotrophic,Non_N_fixing,Non_silica,0.01,0.0555,0.09,0.25,0.7695,17,5,A,Chlorophyta (Green algae),0,0.15445772,4.295,12,0.006,0.02
Strombomonas,0.02,0.05,0.51,0.98,39.01,74.48,20.4,21.8,1.87E-07,Individual,Flagellar,Photoautotrophic,Non_N_fixing,Non_silica,0.01,0.02,0.07,1.571,0,49.55,1,D,Euglenophyta (Euglenoid),0,0.36383475,1.915,22,0.009,0.0151
Surirella,0.02,0.1,0.29,0.41,30.3,43.57,14.45,28.73,2.47E-05,Individual,Mucilage,Photoautotrophic,Non_N_fixing,Silica,0.005,0.15,0.005,0.18,0,25.805,1,D,Bacilariophyta (Diatom),0.349716385,1.005865,0,9.203,0.002,0.0415
Synedra,0.02,0.03,0.42,1.5455,34.22,47.05,12.4,16.76,5.47E-07,Colonial,Passively,Photoautotrophic,Non_N_fixing,Silica,0.005,0.335,0.06,0.95,0,0.9315,5,A,Bacilariophyta (Diatom),0.37238715,1.1905,1.8835,10,0.006,0.008
Synura,0.01,0.06,0.72,0.9,34.65,123.57,14,16,3.28E-07,Colonial,Flagellar,Mixotrophic,Non_N_fixing,Silica,0.005,0.6,0.22,0.54,0,0.87,4,B,Chrysophyta (Golden brown),0,0.08545,0,1.9155,0.004,0.0175
T.Anabaena.circinalis,0.03,0.05,1.9495,3.52,32.85,287.86,21.8,23.85,1.22E-07,Filamentous,Buoyancy,Mixotrophic,N_fixing,Non_silica,0.005,0.01,0.005,2.2,13.6,31.715,2,C,Cyanophyta (Blue green),0.138748955,0.222424255,8.475,26,0.004,0.017
T.Anabaenopsis,0.03,0.04,0.53,0.66,32.01,42.49,23.4,26.6,1.41E-07,Colonial,Buoyancy,Mixotrophic,N_fixing,Non_silica,0.005,0.01,0.005,0.09,17.3,36.3,5,A,Cyanophyta (Blue green),0.1925239,0.2187138,7.363,11,0.006,0.012
T.Chrysochromulina,0.03,0.07,0.64,0.66,24.67,130.85,18.05,22.1,4.25E-08,Individual,Flagellar,Mixotrophic,Non_N_fixing,Silica,0.005,0.04,0.16,0.21,0,9.1,4,B,Chrysophyta (Golden brown),0,0.148815,6.1045,12.145,0.007,0.01
T.Cylindrospermopsis,0.02,0.03,0.44,3.75,32.7,225.76,24,27,9.71E-08,Filamentous,Buoyancy,Photoautotrophic,N_fixing,Non_silica,0.005,0.01,0.005,2.8,13.4,32.155,2,C,Cyanophyta (Blue green),0,0.2301108,5.2,12.015,0.005,0.007
T.Cylindrospermopsis.raciborskii,0.03,0.04,0.48,0.775,40.88,48.9,17.05,24.8,9.83E-08,Filamentous,Buoyancy,Photoautotrophic,N_fixing,Non_silica,0.005,0.03,0.24,0.27,3.065,3.86,5,A,Cyanophyta (Blue green),0,0.14354591,7.459,10.7,0.008,0.01155
T.Dolichospermum,0.01,0.03,0.32,0.86,26.78,84.14,17.9,30.2,9.24E-08,Colonial,Buoyancy,Photoautotrophic,N_fixing,Non_silica,0.005,0.51,0.005,1.17,0,0.6035,5,A,Cyanophyta (Blue green),0,0.20578272,0,1.1915,0.006,0.009
T.Heterocapsa,0.03,0.11,0.4,0.45,27.49,32.02,22.1,23.6,3.26E-06,Individual,Flagellar,Mixotrophic,Non_N_fixing,Non_silica,0.01,0.02,0.03,0.07,0,0.37,3,E,Dinophyta,0,0.06982,0,1.22,0.009,0.017
T.Microcystis,0.02,0.04,0.47,0.92,41.27,54.11,21.3,24,2.43E-08,Colonial,Buoyancy,Photoautotrophic,Non_N_fixing,Non_silica,0.005,0.01,0.005,0.171,11.05,17.7,5,A,Cyanophyta (Blue green),0.1324,0.17655827,5.4335,9.404,0.005,0.0091
T.Microcystis.aeruginosa,0.01,0.04,0.34,0.554,31.38,37.48,22.9,26.1,2.47E-08,Colonial,Buoyancy,Photoautotrophic,Non_N_fixing,Non_silica,0.005,0.01,0.005,0.11,11.8,19.555,5,A,Cyanophyta (Blue green),0,0.1324062,4.0945,9.63,0.006,0.042
T.Oscillatoria,0.05,0.09,0.77,3.61,17.06,175.83,10.2,27.1,4.98E-07,Filamentous,Buoyancy,Photoautotrophic,N_fixing,Non_silica,0.005,0.161,0.11,2.165,32.745,39.7,4,B,Cyanophyta (Blue green),0.1200762,0.19937876,0,14,0.007,0.01705
T.Phormidium,0.01,0.1,0.4,3.687,16.32,161.84,11.9,28.35,6.56E-09,Colonial,Buoyancy,Photoautotrophic,N_fixing,Non_silica,0.005,0.04,0.02,2.8,0,41.8,4,B,Cyanophyta (Blue green),0,0.20693755,0,35.1,0.007,0.042
T.Planktothrix,0.03,0.07,0.628,3.92,31.7,37.83,10.3,30.3,3.45E-07,Filamentous,Buoyancy,Photoautotrophic,Non_N_fixing,Non_silica,0.005,0.03,0.15,2.95,12.7,36.6,5,A,Cyanophyta (Blue green),0.14099611,1.51105,0,33.05,0.006,0.012
T.Prorocentrum,0.02,0.09,0.36,0.44,23.66,34.19,15.8,23.9,3.48E-06,Individual,Flagellar,Photoautotrophic,Non_N_fixing,Non_silica,0.01,0.02,0.01,0.0705,0,0.385,3,E,Dinophyta,0,0.068,0,1.37,0.009,0.014
T.Prorocentrum.minimum,0.02,0.03,0.42,0.52,34.79,42.16,12.8,23.7,1.91E-06,Individual,Flagellar,Mixotrophic,Non_N_fixing,Non_silica,0.01,0.02,0.06,0.08,0,0.5,3,E,Dinophyta,0,0.070725,0,1.48,0.007,0.014
T.Pseudo.nitzschia.seriata.complex,0.02,0.04,0.36,0.42,20.7,32.69,22.1,28.35,3.77E-06,Colonial,Mucilage,Photoautotrophic,Non_N_fixing,Silica,0.01,0.615,0.005,0.07,0,0.28,5,A,Bacilariophyta (Diatom),0,0.06843443,0,1.17,0.011,0.023
T.Pseudonitzshia.cf,0.02,0.03,0.33,0.45,24.1,37.59,18.6,25.91,4.22E-07,Colonial,Mucilage,Mixotrophic,Non_N_fixing,Silica,0.01,0.02,0.02,0.08,0,0.25,3,E,Bacilariophyta (Diatom),0,0.06431609,0,1.301,0.007,0.017
Tabellaria,0.01,0.02,0.38,0.86,57.19,155,11.8,19.3,2.41E-07,Colonial,Passively,Photoautotrophic,Non_N_fixing,Silica,0.005,0.01,0.005,0.54,1.27,39.715,4,B,Bacilariophyta (Diatom),0.063805,0.12892359,0,8.3,0.004,0.007
Tetraedron,0.01,0.04,0.33,1.09,33.21,117.95,21,27,9.09E-08,Colonial,Passively,Photoautotrophic,Non_N_fixing,Non_silica,0.005,0.02,0.05,1.386,5.1,23.255,4,B,Chlorophyta (Green algae),0,0.283442955,0,27.95,0.007,0.009
Tetrastrum,0.03,0.03,0.329,1.303,34.52,44.29,22.7,27.76,1.69E-07,Colonial,Passively,Photoautotrophic,Non_N_fixing,Non_silica,0.005,0.01,0.005,0.01,11.3,18.645,5,A,Chlorophyta (Green algae),0.131359,0.1577411,6.649,9.38,0.00595,0.014
Thalassionema,0.02,0.04,0.3945,0.44,20.86,37.77,9.1,28.4,7.57E-07,Colonial,Mucilage,Photoautotrophic,Non_N_fixing,Silica,0.01,0.02,0.05,0.12,0,0.37,5,A,Bacilariophyta (Diatom),0,0.0813,0,1.481,0.01,0.017
Thalassiosira,0.03,0.03,0.3,0.4,40.21,45.11,12.1,22.72,1.54E-07,Individual,Passively,Mixotrophic,Non_N_fixing,Silica,0.005,0.26,0.02,0.08,0.82,1.5025,3,E,Bacilariophyta (Diatom),0.1765341,0.2100512,7.609,10.25,0.007,0.011
Thalassiosira.sp1,0.02,0.06,0.44,0.54,26.09,43.54,25.6,28,3.45E-08,Colonial,Passively,Mixotrophic,Non_N_fixing,Silica,0.005,0.03,0.01,0.14,0,19.855,5,A,Bacilariophyta (Diatom),0,3.90505,0,39,0.0025,0.0162
Trachelomonas,0.02,0.09,1.35,3.525,26.55,68.44,19.3,21.6,1.02E-06,Individual,Flagellar,Photoautotrophic,Non_N_fixing,Non_silica,0.01,0.03,0.01,2.065,0,1.2355,3,E,Euglenophyta (Euglenoid),0,0.563,0,6.2215,0.005,0.0505
Treubaria,0.01,0.03,0.549,1.995,18.52,79.08,21.2,26.2,3.76E-08,Colonial,Passively,Photoautotrophic,Non_N_fixing,Non_silica,0.005,0.05,0.18,2.8,0,3.235,5,A,Chlorophyta (Green algae),0,0.140982,2.681,79.5,0.003,0.015
